path,width,height,mode,bytes,sha256
00_OPENING/01_opening_concept_first.png,1448,1086,RGB,2167175,3d03603b2eeec196d9f0cdfc8a7625ae5b488e8f5eb7a8a995cf0e5a45d1a3bb
00_OPENING/02_opening_flagship_klothing.png,1448,1086,RGB,2348790,890d82e7471a97bee4dfdf4f18aa5b67d3632b30c6af0c3977dcc0d55ab7914b
00_OPENING/03_USE_THIS_opening_final_dollar_S_arched_SackReligious_Klothing.png,1448,1086,RGB,2322291,f0608138f902e9e73cc6fdf05a3b47497acea6a95873db172549b108d5c61c62
01_GAMEPLAY_REFERENCE/01_boutique_interior_K_Blanco.png,1672,941,RGB,2337507,f0136fef6f8d541c94b5ddd257079bfb90c98167dcb42c676587aaf6c8f6b464
01_GAMEPLAY_REFERENCE/02_boutique_exterior_drop_van.png,1672,941,RGB,2553159,886aff20f75d9eb5962bcfe9e0b5f89c778a03a02e9b684df30cac54dc6b0271
01_GAMEPLAY_REFERENCE/03_downtown_daytime_open_world.png,1672,941,RGB,2784972,b0f71a519264eb945cdc6cb757523408861eb1b71db05ff764580e13835da66f
01_GAMEPLAY_REFERENCE/04_culture_district_night.png,1672,941,RGB,2729538,e2675a00f04f3ba778cf3427b6a454323a253260f72a495867bb81e6a601fad4
01_GAMEPLAY_REFERENCE/05_901_court_sunset_gameplay.png,1672,941,RGB,2580300,bd5248251dcfb0f0d7a4a2c4d7e0b23e0e8930e5e0b112b257d372296dd2471a
01_GAMEPLAY_REFERENCE/06_downtown_rain_night.png,1672,941,RGB,2499832,a1aa903111c31079a23baa5c2d1906c80fe60eb5027fef324481f8fb8ee8fc7b
01_GAMEPLAY_REFERENCE/07_901_rooftop_court_night.png,1672,941,RGB,2307308,5f5c4c63a300ef642ef5e274ef25529da6cd0d98db3880a7ed3999a61c9c430f
01_GAMEPLAY_REFERENCE/08_alley_merch_delivery.png,1672,941,RGB,2505571,8a85573fa05c384cf40054b638281b6d8e2bbdc37804d61e114d95f62930576d
01_GAMEPLAY_REFERENCE/09_block_party_event.png,1672,941,RGB,2753062,b5a28be6caa75a731157121fee1c331b10e42250febf224b63e8faeb2479a717
01_GAMEPLAY_REFERENCE/10_boutique_customization_UI.png,1672,941,RGB,2188785,54bd25b16319186126023e6b78db0d02ec609175a495fb0a0474799c4c92fca0
02_MATERIAL_SKINS_SET1/01_asphalt_basecolor.png,1254,1254,RGB,3180278,ac96b69cdc71a70ff6514b8bfa245dd1dbe3bd15f6ff9cab6ddf2988e4765d34
02_MATERIAL_SKINS_SET1/02_sidewalk_basecolor.png,1254,1254,RGB,3065546,8fe35e96c9b7a6a9715e7fd44ef09e808c115d34b4605697193ad2b3fb8b1e47
02_MATERIAL_SKINS_SET1/03_old_memphis_brick_basecolor.png,1254,1254,RGB,2324611,a9da041e95b855df21506d7951ea5f6d9ddf24fe21ecfa1f68d27f4b018e411e
02_MATERIAL_SKINS_SET1/04_window_facade_emissive_reference.png,1254,1254,RGB,2194375,bcf1363c3133ef227a04811f0866fbef01cb2975e6994d903680da224bbc52c0
02_MATERIAL_SKINS_SET1/05_rooftop_tar_gravel_basecolor.png,1254,1254,RGB,3445011,0476d653c7f4279f7c243d9cdb138be9a08f1d28360b1d18f30be6949445b593
02_MATERIAL_SKINS_SET1/06_court_wood_basecolor.png,1254,1254,RGB,2705531,f7e38d75edd1a032a006dedc39b10bf3abb0a71c98f38af8012d04f5fd0cf6d6
02_MATERIAL_SKINS_SET1/07_court_lines_and_clay_reference.png,1254,1254,RGB,2926771,9484bd0e041ea89fbd6d9d46ab176d858d8e628de06ee27d18dd1793ef4676ec
02_MATERIAL_SKINS_SET1/08_tree_canopy_topdown.png,1254,1254,RGB,2534883,f73f6cf7071111d4bdb6b3900009558e1212c2122a4d3c43199902afc353e395
02_MATERIAL_SKINS_SET1/09_dark_car_body_metal_basecolor.png,1254,1254,RGB,2931055,d78ffd8289145e610b1568e6e81794cf181747197c1e233555b616d1ba3d570f
02_MATERIAL_SKINS_SET1/10_hq_beale_dark_brick_accent.png,1254,1254,RGB,1555640,cfd4593e9579afa81edc61eba677346ffdf7c8192ebf83b7734ef2809ebf8e86
03_MATERIAL_SKINS_SET2/11_chain_link_fence.png,1254,1254,RGB,2378509,118e8b7eb2be8c8a1adaf56dd80b0250b63bc6ecbe31942479a4c9f50a46a5cf
03_MATERIAL_SKINS_SET2/12_asphalt_road_stripe.png,1254,1254,RGB,3275117,3489f99d8cabb39730ff59e94dbd1abc2274e03666d28ce825a0f313836eaf72
03_MATERIAL_SKINS_SET2/13_polished_warm_concrete.png,1254,1254,RGB,2487825,e4d9ef8dc609cacb1edf7b7a1b8e319da15de7d22a13d279fdd7d31bd72bb1e7
03_MATERIAL_SKINS_SET2/14_dark_wood_panel.png,1254,1254,RGB,1872533,dd7ce54c126aa7ba445f59df73cd8438e405c1cb05be9df5643413cc257449a9
03_MATERIAL_SKINS_SET2/15_rollup_metal_shutter.png,1254,1254,RGB,1950958,c96ac50c6978252ab8c31fd5c81cd687f42c8413f186bce067e6170bb46b2f7f
03_MATERIAL_SKINS_SET2/16_weathered_stucco.png,1254,1254,RGB,3074491,57062cf95ec83401d935c60aadfaebdb8c9bf89bc47f16d797e6806c318781f4
03_MATERIAL_SKINS_SET2/17_green_cinder_block_wall.png,1254,1254,RGB,3185109,774043ddc321c9e189c9081194e57896cd69fb0a8832d5efa91992ac6c86346b
03_MATERIAL_SKINS_SET2/18_storefront_window_grid.png,1254,1254,RGB,1816693,e79b7be0ba8d4673e0309a1950260395ff023e969f2197fb3191aa7d4346c210
03_MATERIAL_SKINS_SET2/19_charcoal_metal_surface.png,1254,1254,RGB,2411510,665c32a3a2b171233485a0af0d4c0984088a40e9f0a5ceaaf880ec7c99f7b2fd
03_MATERIAL_SKINS_SET2/20_green_gold_fabric_stripe.png,1254,1254,RGB,3733940,c0c14f82479da0d5b871708f25187d430ab6201f774081dbad6555d191b3bdae
04_CHARACTER_MAPS/01_core_cast_character_map.png,1448,1086,RGB,2748349,57eb1de4a471b662f7328133b5d15e5df93d053f8092566e99ead1a4eeb1ce3e
04_CHARACTER_MAPS/02_Benji_character_map.png,1448,1086,RGB,2624434,b7d71a4e8849755dfdeecc426fa3202b4ec28295fba4f41828305e61f69cf0d3
04_CHARACTER_MAPS/03_K_Blanco_character_map.png,1448,1086,RGB,2569794,f2c27e1d62700e805fa0ab054a74accf0aa6574caa67320409ab943d38e3c98f
04_CHARACTER_MAPS/04_neighborhood_kids_character_map.png,1448,1086,RGB,2683540,de64da9ed1e20efc00f1a76d85173b02c860a825c22b6ed8d7f6df15157098e4
04_CHARACTER_MAPS/05_boutique_crew_character_map.png,1448,1086,RGB,2655726,02ca3b7b160b31a24b518687c12d007947c0ddf215bc3f6e97c56e53fba0f857
04_CHARACTER_MAPS/06_901_court_character_map.png,1448,1086,RGB,2582975,e17c8ce0334630af5344def3bd255742bd41c9dd38dffefe76dab564ccd984f1
04_CHARACTER_MAPS/07_memphis_street_NPC_character_map.png,1448,1086,RGB,2624901,1841574943b81d42d7f2cf9d53d8db2962c5da4deafaebba7adfe09d6ac5f069
04_CHARACTER_MAPS/08_mission_cast_character_map.png,1448,1086,RGB,2633223,f7b9d36f2193c4c9d36bd4670c7b10cff6b43614ee31e5fa23834a005d726c1d
04_CHARACTER_MAPS/09_crowd_ambient_character_map.png,1448,1086,RGB,2736930,a805794dbb25f0f352b5aa3fc4664e7cdbbfae6453fb32db19aa6c512b9f2e0a
04_CHARACTER_MAPS/10_portraits_expressions_character_map.png,1448,1086,RGB,2542204,5a2a4ab7dd40fe683a6c4684dee09427097a59a856fe5fd0202381b9483525aa
04_CHARACTER_MAPS/11_environment_and_character_reference_sheet.png,1536,1024,RGB,2537651,653b92693327db7f2b81279fdc31dfcd98d712b5f1491e9af343ebfd00130a99
04_CHARACTER_MAPS/12_extended_character_sprite_reference_sheet.png,1536,1024,RGBA,2918316,1d0506b39fab487e2555d36613696d4698b675660331ffee647e5ee3ca0bc77a
05_VEHICLE_MODELS_AND_SKINS/01_vehicle_character_map.png,1448,1086,RGB,2364447,04f494c6b8d8b0457a371f1caaaee245b3f4393ead17398ac13182b6146fecfd
05_VEHICLE_MODELS_AND_SKINS/02_car_skins_and_liveries.png,1448,1086,RGB,2316962,fd1aaf89017bc5401116c089dfe7728b35cb03e36496902d951b08166759fd37
05_VEHICLE_MODELS_AND_SKINS/03_drop_van_delivery_set.png,1448,1086,RGB,2604610,94bf2fbcf9ce41605e6aaaeb2509e985e4c4fb67048f33b91542ee89ef21ea90
05_VEHICLE_MODELS_AND_SKINS/04_traffic_and_street_ride_map.png,1448,1086,RGB,2582894,4f69034a1b1bc4db5c3ba14166db9791c19cd18a9f0f084b25050fdc2345a96b
05_VEHICLE_MODELS_AND_SKINS/05_vehicle_customization_garage.png,1448,1086,RGB,2500833,40942b9f90d039038ad2eb3984bc7fda2a6cdf1d25ff87d6d862877b12dc4406
06_SCENE_REFERENCES/boutique_mission_the_drop_day.png,1672,941,RGB,2330785,737616ed879cf921494c31574cf9e051033ab0e7bbd9e3d08bac5edc4c1133e0
06_SCENE_REFERENCES/cinematic_memphis_street_mission.png,1672,941,RGB,2373389,81820d73b53bb6f7f94fef3eb889c23145b9ca39ed37096ae26383cd9601e7be
06_SCENE_REFERENCES/downtown_memphis_meet_up_mission.png,1672,941,RGB,2784972,b0f71a519264eb945cdc6cb757523408861eb1b71db05ff764580e13835da66f
06_SCENE_REFERENCES/golden_hour_drop_off_on_beale_street.png,1672,941,RGB,2553159,886aff20f75d9eb5962bcfe9e0b5f89c778a03a02e9b684df30cac54dc6b0271
06_SCENE_REFERENCES/memphis_street_missionqatigiit.png,1672,941,RGB,2668188,08bb287a147f6460e08d7ab280c983c0afb51c6d6cf33c88ccf8ea763c6f54e0
06_SCENE_REFERENCES/neon_rain_in_downtown_memphis.png,1672,941,RGB,2499832,a1aa903111c31079a23baa5c2d1906c80fe60eb5027fef324481f8fb8ee8fc7b
06_SCENE_REFERENCES/neon_sackreligious_boutique_customization_ui.png,1672,941,RGB,2188785,54bd25b16319186126023e6b78db0d02ec609175a495fb0a0474799c4c92fca0
06_SCENE_REFERENCES/neon_sackreligious_boutique_showdown.png,1672,941,RGB,2337507,f0136fef6f8d541c94b5ddd257079bfb90c98167dcb42c676587aaf6c8f6b464
06_SCENE_REFERENCES/sackreligious_boutique_showdown.png,1672,941,RGB,2454018,65fceb88c78e0b3323cdb1ffde03870c2701495adad89b27d9e61805e4bf69ce
06_SCENE_REFERENCES/sackreligious_drop_van_mission.png,1672,941,RGB,2544995,391732f814238a92011d0a3a34f7e2e31366e05e625ea5a3558955d3eead813b
06_SCENE_REFERENCES/sunset_streetball_at_901_court.png,1672,941,RGB,2580300,bd5248251dcfb0f0d7a4a2c4d7e0b23e0e8930e5e0b112b257d372296dd2471a
06_SCENE_REFERENCES/urban_basketball_sunset_showdown.png,1672,941,RGB,2549552,ab1c5edd37e5251b3191f28e70272d4c2ecd714da8cda024afd435d512c7cea5
06_SCENE_REFERENCES/urban_sunset_basketball_showcase.png,1672,941,RGB,2232524,31dc156070b00108c4a91c8fe5cc3361f82f9375e5aea873c65ec451fbc1059a
07_EXISTING_GROK_PUBLIC_GAME/benji-back-norm.png,160,240,RGBA,37840,1c1abb70ef7c93f32651ae5c91bec7d91b7722c824274066b8af9e0810a2c1d8
07_EXISTING_GROK_PUBLIC_GAME/benji-back.png,512,868,RGBA,233705,ca6277978aef2b1167ae1f9772df7ee992f8994f207a18be591333560b60035c
07_EXISTING_GROK_PUBLIC_GAME/benji-front-cropped.png,512,868,RGBA,482731,fd927a9886eae8bb3a858611e7c04a47a90a39fd462822a954a1d20b68d30144
07_EXISTING_GROK_PUBLIC_GAME/benji-front-norm.png,160,240,RGBA,40290,bc1592cdd429fb7967aa11e810894ab5f1664bf6026e513b159b6fb03600aece
07_EXISTING_GROK_PUBLIC_GAME/benji-front.png,512,868,RGBA,276374,1e3ec382c6fe13bde9d255867ad929437e6fb39d906d00f01b44f673838677c9
07_EXISTING_GROK_PUBLIC_GAME/benji-left-norm.png,160,240,RGBA,41749,f28a2f5531dac1dc861368aa12887fff1e0df3df56efa3e6daa8da847c52e134
07_EXISTING_GROK_PUBLIC_GAME/benji-left.png,512,868,RGBA,288698,494dfd280804b12e2c380beab4fe6acd94d178f3dac0f40d407a84080cbae7e6
07_EXISTING_GROK_PUBLIC_GAME/benji-right-norm.png,160,240,RGBA,41696,570ae264de9628133c16b2f8d0d484629d0c6613f13189106b46aa35c9ceef52
07_EXISTING_GROK_PUBLIC_GAME/benji-right.png,512,868,RGBA,288595,02fb21a6d0b69a327ae403d6a8a41a236cee33a81d8dfdabe1e74072946d83df
07_EXISTING_GROK_PUBLIC_GAME/benji-three-quarter.png,512,868,RGBA,276048,aa70556aff4979e5cf6d625141fd0e959f661cdfbdc3c831129f5b935a70d0d0
07_EXISTING_GROK_PUBLIC_GAME/checkout.png,2048,1143,RGBA,4508988,51f5d3593751c4bd5d157962b4ff8d23ef1f60ded3141af92f9172cee2dc6268
07_EXISTING_GROK_PUBLIC_GAME/court-fp.jpg,1792,1008,RGB,428067,c5dbfc45650afdad6658ba29a499d9bd735c25f58815123663ba23d0ea90cbc9
07_EXISTING_GROK_PUBLIC_GAME/featured-products.png,2048,1143,RGBA,4806551,1945e73f2753044cc237a67ec4406ffe730cacedeb44e9a000011eb2ae79277b
07_EXISTING_GROK_PUBLIC_GAME/k-blanco-counter.jpg,4096,2286,RGB,915615,fbbd34d8bbc17cc6cda97dbfacea4911f6815f1da1527b81e124826a30f525ca
07_EXISTING_GROK_PUBLIC_GAME/k-blanco-jerseys.png,2688,1520,RGB,7756593,240774bf729c98d097f2e493334f6c5b29f852cd86b8f844b497aba8509401f6
07_EXISTING_GROK_PUBLIC_GAME/k-blanco-portrait.png,1834,1024,RGB,462930,0275e37959a68ad691f28538d84712ec5517c4827c5ce5ff49d0d21ef76c2e3d
07_EXISTING_GROK_PUBLIC_GAME/logo-wall.png,2048,1150,RGBA,4786364,8cb91dd090ed307578e1f8d8ee4843d4c195ccb2e3aa40db64db819a1a4a428b
07_EXISTING_GROK_PUBLIC_GAME/memphis-dusk.jpg,1792,1008,RGB,330057,d7a980ade7a9489afaddb2b3d1e268690e22f45096d08ff5d91ea28bf0dc0f2b
07_EXISTING_GROK_PUBLIC_GAME/sack-icon.png,128,128,RGBA,1063,a0914032a2a0d681491a947f3acdff615121f117468fb2c92d827b8d67abe28b
07_EXISTING_GROK_PUBLIC_GAME/shopping-bags.jpg,2048,1143,RGB,532345,405b76de7a290526e7cc8f6247abde3554ac5fa89cd55eaca9330cf4a86dcfbd
07_EXISTING_GROK_PUBLIC_GAME/store-checkout.jpg,2048,1143,RGBA,3313752,8a2d9ebda62b626b6eef70111afd17634b448c1f7b9b7348b9601f25206e813d
07_EXISTING_GROK_PUBLIC_GAME/store-entry.jpg,2048,1143,RGBA,3690092,4ef318328d2c3473d51097fa46b567a73c848c798bb5a291e551c715f57f67dd
07_EXISTING_GROK_PUBLIC_GAME/store-main.jpg,2048,1143,RGBA,3878104,421bed6a096e056521c7da9dbc4064d9ba68b6e63c2968bbace827ff0fd8988f
07_EXISTING_GROK_PUBLIC_GAME/store-welcome.jpg,2048,1143,RGB,560642,3d55b48fbc0969a1942708f6de834cf6cea7df5639dbd9912b71a9514f5443b5
07_EXISTING_GROK_PUBLIC_GAME/storyboard.png,1448,1086,RGB,2541427,5e80486bcbf57c19ddd2e9eac358f5eecc502be2420950d39398caf53795c119
07_EXISTING_GROK_PUBLIC_GAME/title-key.jpg,1792,1008,RGB,439315,c82c23029f77a0b94af4a26526fd1f2e9ca284f62aa217a459e4d6e43a4c55ad
08_ORIGINAL_UPLOADS/12809536-bc0f-4162-9e01-8509fc692aaa.png,1490,746,RGBA,1654111,9fd7656bc7b2e6c86531586bda13b15930b11cf60dc404da756649dc92d57620
08_ORIGINAL_UPLOADS/7c077079-3455-4522-817d-a5eecb3bc3c9.png,1532,715,RGBA,1931202,f431a5cd2b8758502f3b01075e0e1347dfb8f5705d0eb274f9e3e13d50a5bd8f
08_ORIGINAL_UPLOADS/94a14505-99eb-4f0d-bf4b-de63c6d21a17(1).png,1834,1024,RGB,462930,0275e37959a68ad691f28538d84712ec5517c4827c5ce5ff49d0d21ef76c2e3d
08_ORIGINAL_UPLOADS/e1476cef-f461-4356-8d6c-0ed617370846.png,1517,767,RGBA,1636848,7b4c20127facabdc63b8d95218e55f9f2bb0f1609393307f0ea8413e6385c87e
08_ORIGINAL_UPLOADS/hf_20260327_091751_08803d06-b0c1-41a2-981d-31612e7d9c4e(1).png,2048,1143,RGBA,4843222,9edde854161a71301e39e3b4b984506fcb291ea096dc084c490c5a6deb0630ac
08_ORIGINAL_UPLOADS/hf_20260419_131640_9d1d4a64-9cb4-44cc-bb84-2850f0804976(1).png,2048,1143,RGBA,4497536,83ee9d8cf89c70a2fb203bbfdc9691f6717326390c2c623cf679d0fc0985aeff
08_ORIGINAL_UPLOADS/hf_20260506_114412_7a7b1fa3-f1e4-478f-8ef6-cacb9f9f6d95(1).png,2048,1158,RGBA,4518715,51d234bdcee4ea6f068dd5e82a6b07bf9a2f98c314d1e0978b5a211fe1ff15bf
08_ORIGINAL_UPLOADS/hf_20260707_160518_5f221987-9905-4bab-ad6e-5b5f80502eab_contact_10x10.png,1160,2048,RGBA,539746,380082f86576a352656b3ca403adc95358d14f7c1d62c2a8ba118f954fa06ee3
08_ORIGINAL_UPLOADS/hf_20260707_180913_0355bac5-efab-4116-ac65-719f2ca28bc9_contact_10x10.png,1160,2048,RGBA,543204,fd982d217d8dc9126a97014807adc597e58200beadcf7c5c9a29c0fe912905e5
08_ORIGINAL_UPLOADS/hf_20260707_183110_81504f62-f759-4340-ae96-80e033fedc79_contact_10x10.png,1160,2048,RGBA,544433,bfa07bc9c3d9832a5549a566bf9710f882805517f939a718976c4fa534b784e7
08_ORIGINAL_UPLOADS/hf_20260708_003428_2615580d-672b-4cc7-9f99-a61adce6a003_contact_10x10.png,1160,2048,RGBA,540358,68b47772762c68c634cfc4ed0171c4bab0cdf67ef4b3384d8b232d156823444f
09_CURRENT_SCREENSHOTS/97e3807a-6739-4cf9-b806-07b86296e70e.png,1534,700,RGBA,1956864,05446754683b64213170beb2ee5436a726dcab50f8f4d6621bffbf1a8e3a9819
09_CURRENT_SCREENSHOTS/current_opening_before_replacement.png,840,657,RGBA,509911,4d056e9820ddf0bbab64b0656a2df59cdba51f440ee005776ea0b549cdcd964f
